word,transcription,no_spaces_ipa
aberración,aberasʝon,aberasion
abominación,abominasʝon,abominasion
absolución,absolusʝon,absolusion
abstinencia,abstinensʝa,abstinensia
abundancia,abundansʝa,abundansia
acaricia,akaɾisʝa,akaɾisia
acariciar,akaɾisʝaɾ,akaɾisiaɾ
aceleración,aseleɾasʝon,aseleɾasion
aceptación,aseptasʝon,aseptasion
acierta,asʝeɾta,asieɾta
acierto,asʝeɾto,asieɾto
acondicionado,akondisʝonado,akondisionado
acondicionador,akondisʝonadoɾ,akondisionadoɾ
acrobacias,akɾobasʝas,akɾobasias
activación,aktibasʝon,aktibasion
actuaba,aktwaba,aktuaba
actuación,aktwasʝon,aktwasion
actuaciones,aktwasʝones,aktwasiones
actuado,aktwado,aktuado
actualización,aktwalisasʝon,aktwalisasion
actuamos,aktwamos,akuamos
actuar,aktwaɾ,aktuaɾ
actuará,aktwaɾa,aktuaɾa
actuaste,aktwaste,aktuaste
actué,aktwe,aktue
actuemos,aktwemos,aktuemos
actuó,aktwo,aktuo
acumulación,akumulasʝon,akumulasion
acusación,akusasʝon,akusasion
acusaciones,akusasʝones,akusasiones
adaptación,adaptasʝon,adaptasion
adicional,adisʝonal,adisional
adicionales,adisʝonales,adisionales
administración,administɾasʝon,administɾasion
admiración,admiɾasʝon,admiɾasion
adolescencia,adolessensʝa,adolessensia
adopción,adopsʝon,adopsion
adoración,adoɾasʝon,adoɾasion
adquisición,adkisisʝon,adkisision
advertencia,adbeɾtensʝa,adbeɾtensia
advertencias,adbeɾtensʝas,adbeɾtensias
afectuoso,afektwoso,afektuoso
afición,afisʝon,afision
aficionada,afisʝonada,afisionada
aficionado,afisʝonado,afisionado
aficionados,afisʝonados,afisionados
afirmación,afiɾmasʝon,afiɾmasion
afirmaciones,afiɾmasʝones,afiɾmasiones
agencia,axensʝa,axensia
agencias,axensʝas,axensias
agitación,axitasʝon,axitasion
ahí,ai,aʝ
ahumado,aumado,awmado
ahuyentar,auʝentaɾ,awientaɾ
alcahuete,alkaguete,alkawete
aleación,aleasʝon,aleasion
aleluya,aleluʝa,aleluia
alergia,aleɾxʝa,aleɾxia
alergias,aleɾxʝas,aleɾxias
alguien,algʝen,algien
aliada,alʝada,aliada
aliadas,alʝadas,aliadas
aliado,alʝado,aliado
aliados,alʝados,aliados
alianza,alʝansa,aliansa
alianzas,alʝansas,aliansas
alicia,alisʝa,alisia
alimentación,alimentasʝon,alimentasion
alimenticia,alimentisʝa,alimentisia
alineación,alineasʝon,alineasion
alteración,alteɾasʝon,alteɾasion
alteraciones,alteɾasʝones,alteɾasiones
alucinación,alusinasʝon,alusinasion
alucinaciones,alusinasʝones,alusinasiones
ambición,ambisʝon,ambision
ambiciones,ambisʝones,ambisiones
ambiciosa,ambisʝosa,ambisiosa
ambicioso,ambisʝoso,ambisioso
ambiciosos,ambisʝosos,ambisiosos
ambulancia,ambulansʝa,ambulansia
ambulancias,ambulansʝas,ambulansias
ampliación,amplʝasʝon,amplʝasion
anciana,ansʝana,ansiana
ancianas,ansʝanas,ansianas
anciano,ansʝano,ansiano
ancianos,ansʝanos,ansianos
animación,animasʝon,animasion
aniquilación,anikilasʝon,anikilasion
anotación,anotasʝon,anotasion
anotaciones,anotasʝones,anotasiones
anteayer,anteaʝeɾ,anteaieɾ
antelación,antelasʝon,antelasion
anticipación,antisipasʝon,antisipasion
antisocial,antisosʝal,antisosial
anulación,anulasʝon,anulasion
anuncia,anunsʝa,anunsia
anunciado,anunsʝado,anunsiado
anuncian,anunsʝan,anunsian
anunciando,anunsʝando,anunsiando
anunciar,anunsʝaɾ,anunsiaɾ
anunciarles,anunsʝaɾles,anunsiaɾles
anunciarlo,anunsʝaɾlo,anunsiaɾlo
anunciaron,anunsʝaɾon,anunsiaɾon
anuncio,anunsʝo,anunsio
anunció,anunsʝo,anunsio
anuncios,anunsʝos,anunsios
apareciendo,apaɾesʝendo,apaɾesiendo
apareciera,apaɾesʝeɾa,apaɾesieɾa
aparecieron,apaɾesʝeɾon,apaɾesieɾon
apareció,apaɾesʝo,apaɾesio
aparición,apaɾisʝon,apaɾision
apariciones,apaɾisʝones,apaɾisiones
apariencia,apaɾʝensʝa,apaɾʝensia
apariencias,apaɾʝensʝas,apaɾʝensias
apelación,apelasʝon,apelasion
apelaciones,apelasʝones,apelasiones
aplicación,aplikasʝon,aplikasion
aplicaciones,aplikasʝones,aplikasiones
apoya,apoʝa,apoia
apoyaba,apoʝaba,apoiaba
apoyado,apoʝado,apoiado
apoyamos,apoʝamos,apoiamos
apoyan,apoʝan,apoian
apoyando,apoʝando,apoiando
apoyar,apoʝaɾ,apoiaɾ
apoyará,apoʝaɾa,apoiaɾa
apoyaré,apoʝaɾe,apoiaɾe
apoyarla,apoʝaɾla,apoiaɾla
apoyarlo,apoʝaɾlo,apoiaɾlo
apoyarme,apoʝaɾme,apoiaɾme
apoyarnos,apoʝaɾnos,apoiaɾnos
apoyarse,apoʝaɾse,apoiaɾse
apoyarte,apoʝaɾte,apoiaɾte
apoyas,apoʝas,apoias
apóyate,apoʝate,apoiate
apoye,apoʝe,apoie
apoyé,apoʝe,apoie
apoyen,apoʝen,apoien
apoyo,apoʝo,apoio
apoyó,apoʝo,apoio
aprecia,apɾesʝa,apɾesia
apreciaba,apɾesʝaba,apɾesiaba
apreciado,apɾesʝado,apɾesiado
apreciamos,apɾesʝamos,apɾesiamos
aprecian,apɾesʝan,apɾesian
apreciar,apɾesʝaɾ,apɾesiaɾ
apreciaría,apɾesʝaɾia,apɾesiaɾia
apreciarlo,apɾesʝaɾlo,apɾesiaɾlo
aprecias,apɾesʝas,apɾesias
aprecie,apɾesʝe,apɾesie
aprecio,apɾesʝo,apɾesio
aprobación,apɾobasʝon,apɾobasion
aristocracia,aɾistokɾasʝa,aɾistokɾasia
armisticio,aɾmistisʝo,aɾmistisio
arrogancia,arogansʝa,arogansia
arroyo,aroʝo,aroio
arroyos,aroʝos,aroios
articulaciones,aɾtikulasʝones,aɾtikulasiones
artificial,aɾtifisʝal,aɾtifisial
artificiales,aɾtifisʝales,aɾtifisiales
asciende,assʝende,assiende
asignación,asignasʝon,asignasion
asistencia,asistensʝa,asistensia
asociación,asosʝasʝon,asosiasion
asociaciones,asosʝasʝones,asosiasiones
asociada,asosʝada,asosiada
asociado,asosʝado,asosiado
asociados,asosʝados,asosiados
asociarse,asosʝaɾse,asosiaɾse
aspiraciones,aspiɾasʝones,aspiɾasiones
astucia,astusʝa,astusia
atención,atensʝon,atension
atenciones,atensʝones,atensiones
atrayendo,atɾaʝendo,atɾaiendo
audacia,audasʝa,audasia
audición,audisʝon,audision
audiciones,audisʝones,audisiones
audiencia,audʝensʝa,audʝensia
audiencias,audʝensʝas,audʝensias
ausencia,ausensʝa,ausensia
autorización,autoɾisasʝon,autoɾisasion
avaricia,abaɾisʝa,abaɾisia
averiguaciones,abeɾigwasʝones,abeɾigwasiones
aviación,abʝasʝon,abʝasion
ayer,aʝeɾ,aieɾ
ayuda,aʝuda,aiuda
ayudaba,aʝudaba,aiudaba
ayudadme,aʝudadme,aiudadme
ayudado,aʝudado,aiudado
ayúdala,aʝudala,aiudala
ayúdale,aʝudale,aiudale
ayúdalo,aʝudalo,aiudalo
ayúdame,aʝudame,aiudame
ayudamos,aʝudamos,aiudamos
ayudan,aʝudan,aiudan
ayudando,aʝudando,aiudando
ayudándolo,aʝudandolo,aiudandolo
ayudándome,aʝudandome,aiudandome
ayudándonos,aʝudandonos,aiudandonos
ayudándote,aʝudandote,aiudandote
ayúdanos,aʝudanos,aiudanos
ayudante,aʝudante,aiudante
ayudantes,aʝudantes,aiudantes
ayudar,aʝudaɾ,aiudaɾ
ayudara,aʝudaɾa,aiudaɾa
ayudará,aʝudaɾa,aiudaɾa
ayudaran,aʝudaɾan,aiudaɾan
ayudarán,aʝudaɾan,aiudaɾan
ayudarán,aʝudaɾan,aiudaɾan
ayudaras,aʝudaɾas,aiudaɾas
ayudarás,aʝudaɾas,aiudaɾas
ayudarás,aʝudaɾas,aiudaɾas
ayudaré,aʝudaɾe,aiudaɾe
ayudaré,aʝudaɾe,aiudaɾe
ayudaremos,aʝudaɾemos,aiudaɾemos
ayudaría,aʝudaɾia,aiudaɾia
ayudarían,aʝudaɾian,aiudaɾian
ayudarías,aʝudaɾias,aiudaɾias
ayudarla,aʝudaɾla,aiudaɾla
ayudarlas,aʝudaɾlas,aiudaɾlas
ayudarle,aʝudaɾle,aiudaɾle
ayudarles,aʝudaɾles,aiudaɾles
ayudarlo,aʝudaɾlo,aiudaɾlo
ayudarlos,aʝudaɾlos,aiudaɾlos
ayudarme,aʝudaɾme,aiudaɾme
ayudarnos,aʝudaɾnos,aiudaɾnos
ayudaron,aʝudaɾon,aiudaɾon
ayudaros,aʝudaɾos,aiudaɾos
ayudarse,aʝudaɾse,aiudaɾse
ayudarte,aʝudaɾte,aiudaɾte
ayudas,aʝudas,aiudas
ayudaste,aʝudaste,aiudaste
ayude,aʝude,aiude
ayudé,aʝude,aiude
ayúdelo,aʝudelo,aiudelo
ayúdeme,aʝudeme,aiudeme
ayudemos,aʝudemos,aiudemos
ayuden,aʝuden,aiuden
ayúdenlo,aʝudenlo,aiudenlo
ayúdennos,aʝudennos,aiudennos
ayúdenos,aʝudenos,aiudenos
ayudes,aʝudes,aiudes
ayudo,aʝudo,aiudo
ayudó,aʝudo,aiudo
ayuno,aʝuno,aiuno
ayuntamiento,aʝuntamʝento,aiuntamʝento
bahía,baia,baʝa
bayas,baʝas,baias
bayoneta,baʝoneta,baioneta
bayonetas,baʝonetas,baionetas
bendición,bendisʝon,bendision
bendiciones,bendisʝones,bendisiones
beneficencia,benefisensʝa,benefisensia
beneficia,benefisʝa,benefisia
beneficiarse,benefisʝaɾse,benefisiaɾse
beneficio,benefisʝo,benefisio
beneficios,benefisʝos,benefisios
beneficioso,benefisʝoso,benefisioso
bonificación,bonifikasʝon,bonifikasion
boogie,booxʝe,booxie
boya,boʝa,boia
bueyes,bweʝes,bweies
burocracia,buɾokɾasʝa,buɾokɾasia
cacahuete,kakaguete,kakawete
cacahuetes,kakaguetes,kakawetes
calcio,kalsʝo,kalsio
calificación,kalifikasʝon,kalifikasion
calificaciones,kalifikasʝones,kalifikasiones
camboya,kamboʝa,kamboia
cancelación,kanselasʝon,kanselasion
canción,kansʝon,kansion
canciones,kansʝones,kansiones
cansancio,kansansʝo,kansansio
carbohidratos,kaɾboidɾatos,kaɾboʝdɾatos
caricia,kaɾisʝa,kaɾisia
caricias,kaɾisʝas,kaɾisias
cayendo,kaʝendo,kaiendo
cayéndose,kaʝendose,kaiendose
cayera,kaʝeɾa,kaieɾa
cayeron,kaʝeɾon,kaieɾon
cayo,kaʝo,kaio
cayó,kaʝo,kaio
celebración,selebɾasʝon,selebɾasion
celebraciones,selebɾasʝones,selebɾasiones
cenicienta,senisʝenta,senisienta
cianuro,sʝanuɾo,sianuɾo
ciao,sʝao,siao
ciega,sʝega,siega
ciegamente,sʝegamente,siegamente
ciegas,sʝegas,siegas
ciego,sʝego,siego
ciegos,sʝegos,siegos
cielito,sʝelito,sielito
cielo,sʝelo,sielo
cielos,sʝelos,sielos
cien,sʝen,sien
ciénaga,sʝenaga,sienaga
ciencia,sʝensʝa,siensia
ciencias,sʝensʝas,siensias
científica,sʝentifika,sientifika
científicamente,sʝentifikamente,sientifikamente
científicas,sʝentifikas,sientifikas
científico,sʝentifiko,sientifiko
científicos,sʝentifikos,sientifikos
ciento,sʝento,siento
cientos,sʝentos,sientos
cierra,sʝera,siera
ciérrala,sʝerala,sierala
ciérralo,sʝeralo,sieralo
ciérralos,sʝeralos,sieralos
cierran,sʝeran,sieran
cierras,sʝeras,sieras
cierre,sʝere,siere
cierren,sʝeren,sieren
cierres,sʝeres,sieres
cierro,sʝero,siero
cierta,sʝeɾta,sieɾta
ciertamente,sʝeɾtamente,sieɾtamente
ciertas,sʝeɾtas,sieɾtas
cierto,sʝeɾto,sieɾto
ciertos,sʝeɾtos,sieɾtos
ciervo,sʝeɾbo,sieɾbo
ciervos,sʝeɾbos,sieɾbos
circulación,siɾkulasʝon,siɾkulasion
circunstancia,siɾkunstansʝa,siɾkunstansia
circunstancial,siɾkunstansʝal,siɾkunstansial
circunstancias,siɾkunstansʝas,siɾkunstansias
citación,sitasʝon,sitasion
ciudad,sʝudad,siudad
ciudadana,sʝudadana,siudadana
ciudadanía,sʝudadania,siudadania
ciudadano,sʝudadano,siudadano
ciudadanos,sʝudadanos,siudadanos
ciudadela,sʝudadela,siudadela
ciudades,sʝudades,siudades
civilización,sibilisasʝon,sibilisasion
civilizaciones,sibilisasʝones,sibilisasiones
clasificación,klasifikasʝon,klasifikasion
clemencia,klemensʝa,klemensia
clienta,klʝenta,klienta
cliente,klʝente,kliente
cliente,klʝente,kliente
clientela,klʝentela,klientela
clientes,klʝentes,klientes
coalición,koalisʝon,koalision
codicia,kodisʝa,kodisia
codicioso,kodisʝoso,kodisioso
coeficiente,koefisʝente,koefisiente
cogiendo,koxʝendo,koxiendo
cogiera,koxʝeɾa,koxieɾa
cogieron,koxʝeɾon,koxieɾon
cogió,koxʝo,koxio
coincidencia,koinsidensʝa,koinsidensia
coincidencias,koinsidensʝas,koinsidensias
colaboración,kolaboɾasʝon,kolaboɾasion
colegial,kolexʝal,kolexial
colegiala,kolexʝala,kolexiala
colegio,kolexʝo,kolexio
colegios,kolexʝos,kolexios
comandancia,komandansʝa,komandansia
combinación,kombinasʝon,kombinasion
combinaciones,kombinasʝones,kombinasiones
comercial,komeɾsʝal,komeɾsial
comerciales,komeɾsʝales,komeɾsiales
comerciante,komeɾsʝante,komeɾsiante
comerciantes,komeɾsʝantes,komeɾsiantes
comerciar,komeɾsʝaɾ,komeɾsiaɾ
comercio,komeɾsʝo,komeɾsio
comparación,kompaɾasʝon,kompaɾasion
compensación,kompensasʝon,kompensasion
competencia,kompetensʝa,kompetensia
competencias,kompetensʝas,kompetensias
competición,kompetisʝon,kompetision
complicación,komplikasʝon,komplikasion
complicaciones,komplikasʝones,komplikasiones
composición,komposisʝon,komposision
comprobación,kompɾobasʝon,kompɾobasion
computación,komputasʝon,komputasion
comunicación,komunikasʝon,komunikasion
comunicaciones,komunikasʝones,komunikasiones
concentración,konsentɾasʝon,konsentɾasion
concepción,konsepsʝon,konsepsion
conciencia,konsʝensʝa,konsiensia
concierne,konsʝeɾne,konsieɾne
concierto,konsʝeɾto,konsieɾto
conciertos,konsʝeɾtos,konsieɾtos
conciudadanos,konsʝudadanos,konsiudadanos
condición,kondisʝon,kondision
condicional,kondisʝonal,kondisional
condiciones,kondisʝones,kondisiones
condolencias,kondolensʝas,kondolensias
conduciendo,kondusʝendo,kondusiendo
conociendo,konosʝendo,konosiendo
conociéndote,konosʝendote,konosiendote
conociera,konosʝeɾa,konosieɾa
conociéramos,konosʝeɾamos,konosieɾamos
conocieran,konosʝeɾan,konosieɾan
conocieras,konosʝeɾas,konosieɾas
conocieron,konosʝeɾon,konosieɾon
conoció,konosʝo,konosio
consciencia,konssʝensʝa,konssiensia
consciente,konssʝente,konssiente
conscientemente,konssʝentemente,konssientemente
conscientes,konssʝentes,konssientes
consecuencia,konsekwensʝa,konsekwensia
consecuencias,konsekwensʝas,konsekwensias
conservación,konseɾbasʝon,konseɾbasion
consideración,konsideɾasʝon,konsideɾasion
consiguiendo,konsigʝendo,konsigiendo
consiguiente,konsigʝente,konsigiente
consiguiera,konsigʝeɾa,konsigieɾa
consiguieron,konsigʝeɾon,konsigieɾon
consiguió,konsigʝo,konsigio
consorcio,konsoɾsʝo,konsoɾsio
conspiración,konspiɾasʝon,konspiɾasion
conspiraciones,konspiɾasʝones,konspiɾasiones
constancia,konstansʝa,konstansia
constelación,konstelasʝon,konstelasion
constelaciones,konstelasʝones,konstelasiones
constitución,konstitusʝon,konstitusion
constitucional,konstitusʝonal,konstitusional
constituye,konstituʝe,konstituie
construí,konstɾwi,konstɾui
construida,konstɾwida,konstɾuida
construido,konstɾwido,konstɾuido
construidos,konstɾwidos,konstɾuidos
construimos,konstɾwimos,konstɾuimos
construir,konstɾwiɾ,konstɾuiɾ
construiré,konstɾwiɾe,konstɾuiɾe
construiremos,konstɾwiɾemos,konstɾuiɾemos
construiste,konstɾwiste,konstɾuiste
construya,konstɾuʝa,konstɾuia
construye,konstɾuʝe,konstɾuie
construyen,konstɾuʝen,konstɾuien
construyendo,konstɾuʝendo,konstɾuiendo
construyeron,konstɾuʝeɾon,konstɾuieɾon
construyo,konstɾuʝo,konstɾuio
construyó,konstɾuʝo,konstɾuio
contagió,kontaxʝo,kontaxio
contagiosa,kontaxʝosa,kontaxiosa
contagioso,kontaxʝoso,kontaxioso
contaminación,kontaminasʝon,kontaminasion
contención,kontensʝon,kontension
continuaba,kontinwaba,kontinuaba
continuación,kontinwasʝon,kontinwasion
continuad,kontinwad,kontinuad
continuado,kontinwado,kontinuado
continuamos,kontinwamos,kontʝuamos
continuar,kontinwaɾ,kontinuaɾ
continuará,kontinwaɾa,kontinuaɾa
continuaré,kontinwaɾe,kontinuaɾe
continuaremos,kontinwaɾemos,kontinuaɾemos
continuaron,kontinwaɾon,kontinuaɾon
continué,kontinwe,kontinue
continuemos,kontinwemos,kontinuemos
continuó,kontinwo,kontinuo
contribución,kontɾibusʝon,kontɾibusion
contribuciones,kontɾibusʝones,kontɾibusiones
contribuido,kontɾibwido,kontɾibuido
contribuir,kontɾibwiɾ,kontɾibuiɾ
contribuyentes,kontɾibuʝentes,kontɾibuientes
conyugal,konʝugal,koniugal
cooperación,koopeɾasʝon,koopeɾasion
coordinación,kooɾdinasʝon,kooɾdinasion
coronación,koɾonasʝon,koɾonasion
corporación,koɾpoɾasʝon,koɾpoɾasion
corporaciones,koɾpoɾasʝones,koɾpoɾasiones
correspondencia,korespondensʝa,korespondensia
corrupción,korupsʝon,korupsion
coyote,koʝote,koiote
coyotes,koʝotes,koiotes
creación,kɾeasʝon,kɾeasion
creciendo,kɾesʝendo,kɾesiendo
creciente,kɾesʝente,kɾesiente
creciera,kɾesʝeɾa,kɾesieɾa
crecieron,kɾesʝeɾon,kɾesieɾon
creció,kɾesʝo,kɾesio
credenciales,kɾedensʝales,kɾedensiales
creencia,kɾeensʝa,kɾeensia
creencias,kɾeensʝas,kɾeensias
creyendo,kɾeʝendo,kɾeiendo
creyente,kɾeʝente,kɾeiente
creyentes,kɾeʝentes,kɾeientes
creyera,kɾeʝeɾa,kɾeieɾa
creyeras,kɾeʝeɾas,kɾeieɾas
creyeron,kɾeʝeɾon,kɾeieɾon
creyó,kɾeʝo,kɾeio
criada,kɾʝada,kɾiada
criadas,kɾʝadas,kɾiadas
criado,kɾʝado,kɾiado
criados,kɾʝados,kɾiados
criamos,kɾʝamos,kɾiamos
criando,kɾʝando,kɾiando
crianza,kɾʝansa,kɾiansa
criar,kɾʝaɾ,kɾiaɾ
criarlo,kɾʝaɾlo,kɾiaɾlo
criarlos,kɾʝaɾlos,kɾiaɾlos
criaron,kɾʝaɾon,kɾiaɾon
criaste,kɾʝaste,kɾiaste
criatura,kɾʝatuɾa,kɾiatuɾa
criaturas,kɾʝatuɾas,kɾiatuɾas
crié,kɾʝe,kɾie
crió,kɾʝo,kɾio
crucial,kɾusʝal,kɾusial
cruel,kɾwel,kɾuel
crueldad,kɾweldad,kɾueldad
crueles,kɾweles,kɾueles
cuatrocientos,kwatɾosʝentos,kwatɾosientos
cuídala,kwidala,kuidala
cuídalo,kwidalo,kuidalo
cuídame,kwidame,kuidame
cuídate,kwidate,kuidate
cuídense,kwidense,kuidense
cuídese,kwidese,kuidese
curación,kuɾasʝon,kuɾasion
cuya,kuʝa,kuia
cuyas,kuʝas,kuias
cuyo,kuʝo,kuio
cuyos,kuʝos,kuios
decadencia,dekadensʝa,dekadensia
decencia,desensʝa,desensia
decepción,desepsʝon,desepsion
decepciona,desepsʝona,desepsiona
decepcionada,desepsʝonada,desepsionada
decepcionado,desepsʝonado,desepsionado
decepcionados,desepsʝonados,desepsionados
decepcionante,desepsʝonante,desepsionante
decepcionar,desepsʝonaɾ,desepsionaɾ
decepcionaré,desepsʝonaɾe,desepsionaɾe
decepcionarlo,desepsʝonaɾlo,desepsionaɾlo
decepcionarte,desepsʝonaɾte,desepsionaɾte
decepcionas,desepsʝonas,desepsionas
decepcioné,desepsʝone,desepsione
decepciones,desepsʝones,desepsiones
declaración,deklaɾasʝon,deklaɾasion
declaraciones,deklaɾasʝones,deklaɾasiones
decoración,dekoɾasʝon,dekoɾasion
dedicación,dedikasʝon,dedikasion
defectuosa,defektwosa,defektuosa
defectuoso,defektwoso,defektuoso
deficiencia,defisʝensʝa,defisiensia
deficiente,defisʝente,defisiente
definición,definisʝon,definision
defunción,defunsʝon,defunsion
degradación,degɾadasʝon,degɾadasion
delegación,delegasʝon,delegasion
delicia,delisʝa,delisia
delicias,delisʝas,delisias
deliciosa,delisʝosa,delisiosa
deliciosas,delisʝosas,delisiosas
delicioso,delisʝoso,delisioso
deliciosos,delisʝosos,delisiosos
demencia,demensʝa,demensia
democracia,demokɾasʝa,demokɾasia
demolición,demolisʝon,demolision
demostración,demostɾasʝon,demostɾasion
denuncia,denunsʝa,denunsia
denunciado,denunsʝado,denunsiado
denunciar,denunsʝaɾ,denunsiaɾ
denunciaré,denunsʝaɾe,denunsiaɾe
denunciarlo,denunsʝaɾlo,denunsiaɾlo
denunciarme,denunsʝaɾme,denunsiaɾme
denunciarte,denunsʝaɾte,denunsiaɾte
denuncias,denunsʝas,denunsias
denunció,denunsʝo,denunsio
dependencia,dependensʝa,dependensia
desafiado,desafʝado,desafiado
desafiando,desafʝando,desafiando
desafiante,desafʝante,desafiante
desafiar,desafʝaɾ,desafiaɾ
desafiarme,desafʝaɾme,desafiaɾme
desafió,desafʝo,desafio
desapareciendo,desapaɾesʝendo,desapaɾesiendo
desapareciendo,desapaɾesʝendo,desapaɾesiendo
desapareciera,desapaɾesʝeɾa,desapaɾesieɾa
desaparecieron,desapaɾesʝeɾon,desapaɾesieɾon
desapareció,desapaɾesʝo,desapaɾesio
desaparición,desapaɾisʝon,desapaɾision
desapariciones,desapaɾisʝones,desapaɾisiones
desayuna,desaʝuna,desaiuna
desayunado,desaʝunado,desaiunado
desayunando,desaʝunando,desaiunando
desayunar,desaʝunaɾ,desaiunaɾ
desayuno,desaʝuno,desaiuno
descendencia,dessendensʝa,dessendensia
desciende,dessʝende,dessiende
descomposición,deskomposisʝon,deskomposision
descontaminación,deskontaminasʝon,deskontaminasion
descripción,deskɾipsʝon,deskɾipsion
descripciones,deskɾipsʝones,deskɾipsiones
deserción,deseɾsʝon,deseɾsion
desesperación,desespeɾasʝon,desespeɾasion
desgracia,desgɾasʝa,desgɾasia
desgraciada,desgɾasʝada,desgɾasiada
desgraciadamente,desgɾasʝadamente,desgɾasiadamente
desgraciado,desgɾasʝado,desgɾasiado
desgraciados,desgɾasʝados,desgɾasiados
desgracias,desgɾasʝas,desgɾasias
deshidratación,desidɾatasʝon,desidɾatasion
desobediencia,desobedʝensʝa,desobedʝensia
despacio,despasʝo,despasio
desperdicia,despeɾdisʝa,despeɾdisia
desperdiciado,despeɾdisʝado,despeɾdisiado
desperdiciando,despeɾdisʝando,despeɾdisiando
desperdiciar,despeɾdisʝaɾ,despeɾdisiaɾ
desperdiciarla,despeɾdisʝaɾla,despeɾdisiaɾla
desperdiciarlo,despeɾdisʝaɾlo,despeɾdisiaɾlo
desperdicies,despeɾdisʝes,despeɾdisies
desperdicio,despeɾdisʝo,despeɾdisio
desperdicios,despeɾdisʝos,despeɾdisios
desprecia,despɾesʝa,despɾesia
despreciable,despɾesʝable,despɾesiable
despreciables,despɾesʝables,despɾesiables
desprecias,despɾesʝas,despɾesias
desprecio,despɾesʝo,despɾesio
desquiciado,deskisʝado,deskisiado
destruí,destɾwi,destɾui
destruida,destɾwida,destɾuida
destruidas,destɾwidas,destɾuidas
destruido,destɾwido,destɾuido
destruidos,destɾwidos,destɾuidos
destruimos,destɾwimos,destɾuimos
destruir,destɾwiɾ,destɾuiɾ
destruirá,destɾwiɾa,destɾuiɾa
destruiré,destɾwiɾe,destɾuiɾe
destruiremos,destɾwiɾemos,destɾuiɾemos
destruiría,destɾwiɾia,destuɾiɾia
destruiste,destɾwiste,destɾuiste
destruya,destɾuʝa,destɾuia
destruyan,destɾuʝan,destɾuian
destruyas,destɾuʝas,destɾuias
destruye,destɾuʝe,destɾuie
destrúyelo,destɾuʝelo,destɾuielo
destruyen,destɾuʝen,destɾuien
destruyendo,destɾuʝendo,destɾuiendo
destruyeron,destɾuʝeɾon,destɾuieɾon
destruyes,destɾuʝes,destɾuies
destruyo,destɾuʝo,destɾuio
destruyó,destɾuʝo,destɾuio
detención,detensʝon,detension
detenciones,detensʝones,detensiones
determinación,deteɾminasʝon,deteɾminasion
detonación,detonasʝon,detonasion
devastación,debastasʝon,debastasion
devoción,debosʝon,debosion
devolución,debolusʝon,debolusion
diabético,dʝabetiko,diabetiko
diablo,dʝablo,diablo
diablos,dʝablos,diablos
diabólica,dʝabolika,diabolika
diabólico,dʝaboliko,diaboliko
diagnosticado,dʝagnostikado,diagnostikado
diagnosticar,dʝagnostikaɾ,diagnostikaɾ
diagnosticaron,dʝagnostikaɾon,diagnostikaɾon
diagnostico,dʝagnostiko,diagnostiko
diagnóstico,dʝagnostiko,diagnostiko
diagnósticos,dʝagnostikos,diagnostikos
diapositivas,dʝapositibas,diapositibas
diariamente,dʝaɾʝamente,diaɾʝamente
diciembre,disʝembɾe,disiembɾe
diciendo,disʝendo,disiendo
diciéndole,disʝendole,disiendole
diciéndoles,disʝendoles,disiendoles
diciéndolo,disʝendolo,disiendolo
diciéndome,disʝendome,disiendome
diciéndonos,disʝendonos,disiendonos
diciéndoselo,disʝendoselo,disiendoselo
diciéndote,disʝendote,disiendote
dieciocho,dʝesʝotʃo,dʝesiotʃo
difamación,difamasʝon,difamasion
diferencia,difeɾensʝa,difeɾensia
diferencial,difeɾensʝal,difeɾensial
diferenciar,difeɾensʝaɾ,difeɾensiaɾ
diferencias,difeɾensʝas,difeɾensias
diligencia,dilixensʝa,dilixensia
diplomacia,diplomasʝa,diplomasia
dirigiendo,diɾixʝendo,diɾixiendo
dirigiéndose,diɾixʝendose,diɾixiendose
dirigió,diɾixʝo,diɾixio
discreción,diskɾesʝon,diskɾesion
discriminación,diskɾiminasʝon,diskɾiminasion
disfunción,disfunsʝon,disfunsion
disposición,disposisʝon,disposision
distancia,distansʝa,distansia
distancias,distansʝas,distansias
distinción,distinsʝon,distinsion
distribución,distɾibusʝon,distɾibusion
distribuir,distɾibwiɾ,distɾibuiɾ
divorciada,diboɾsʝada,diboɾsiada
divorciado,diboɾsʝado,diboɾsiado
divorciados,diboɾsʝados,diboɾsiados
divorciamos,diboɾsʝamos,diboɾsiamos
divorciando,diboɾsʝando,diboɾsiando
divorciar,diboɾsʝaɾ,diboɾsiaɾ
divorciarme,diboɾsʝaɾme,diboɾsiaɾme
divorciarnos,diboɾsʝaɾnos,diboɾsiaɾnos
divorciaron,diboɾsʝaɾon,diboɾsiaɾon
divorciarse,diboɾsʝaɾse,diboɾsiaɾse
divorciarte,diboɾsʝaɾte,diboɾsiaɾte
divorcié,diboɾsʝe,diboɾsie
divorcio,diboɾsʝo,diboɾsio
divorció,diboɾsʝo,diboɾsio
divorcios,diboɾsʝos,diboɾsios
documentación,dokumentasʝon,dokumentasion
dominación,dominasʝon,dominasion
donación,donasʝon,donasion
donaciones,donasʝones,donasiones
doscientas,dossʝentas,dossientas
doscientos,dossʝentos,dossientos
duración,duɾasʝon,duɾasion
ecuación,ekwasʝon,ekwasion
ecuaciones,ekwasʝones,ekwasiones
edición,edisʝon,edision
ediciones,edisʝones,edisiones
edificio,edifisʝo,edifisio
edificios,edifisʝos,edifisios
educación,edukasʝon,edukasion
efectuar,efektwaɾ,efektuaɾ
eficacia,efikasʝa,efikasia
eficiencia,efisʝensʝa,efisiensia
eficiente,efisʝente,efisiente
eficientes,efisʝentes,efisientes
egipcia,exipsʝa,exipsia
egipcio,exipsʝo,exipsio
egipcios,exipsʝos,exipsios
ejecución,exekusʝon,exekusion
ejecuciones,exekusʝones,exekusiones
ejercicio,exeɾsisʝo,exeɾsisio
ejercicios,exeɾsisʝos,exeɾsisios
ejerciendo,exeɾsʝendo,exeɾsiendo
elegancia,elegansʝa,elegansia
elevación,elebasʝon,elebasion
eligiendo,elixʝendo,elixiendo
eligieron,elixʝeɾon,elixieɾon
eligió,elixʝo,elixio
eliminación,eliminasʝon,eliminasion
elogio,eloxʝo,eloxio
elogios,eloxʝos,eloxios
embarcación,embaɾkasʝon,embaɾkasion
emergencia,emeɾxensʝa,emeɾxensia
emergencias,emeɾxensʝas,emeɾxensias
eminencia,eminensʝa,eminensia
emoción,emosʝon,emosion
emociona,emosʝona,emosiona
emocionada,emosʝonada,emosionada
emocionado,emosʝonado,emosionado
emocionados,emosʝonados,emosionados
emocional,emosʝonal,emosional
emocionales,emosʝonales,emosionales
emocionalmente,emosʝonalmente,emosionalmente
emocionante,emosʝonante,emosionante
emocionantes,emosʝonantes,emosionantes
emociones,emosʝones,emosiones
encienda,ensʝenda,ensienda
enciendan,ensʝendan,ensiendan
enciende,ensʝende,ensiende
enciéndela,ensʝendela,ensiendela
enciéndelo,ensʝendelo,ensiendelo
encienden,ensʝenden,ensienden
enciendes,ensʝendes,ensiendes
enciendo,ensʝendo,ensiendo
encierra,ensʝera,ensiera
encierran,ensʝeran,ensieran
encierren,ensʝeren,ensieren
enciérrenlo,ensʝerenlo,ensierenlo
encierro,ensʝero,ensiero
enloqueciendo,enlokesʝendo,enlokesiendo
enloqueció,enlokesʝo,enlokesio
ensayado,ensaʝado,ensaiado
ensayamos,ensaʝamos,ensaiamos
ensayando,ensaʝando,ensaiando
ensayar,ensaʝaɾ,ensaiaɾ
ensayo,ensaʝo,ensaio
ensayos,ensaʝos,ensaios
ensuciar,ensusʝaɾ,ensusiaɾ
ensuciarme,ensusʝaɾme,ensusiaɾme
ensuciarse,ensusʝaɾse,ensusiaɾse
ensuciarte,ensusʝaɾte,ensusiaɾte
equivocación,ekibokasʝon,ekibokasion
erupción,eɾupsʝon,eɾupsion
erupciones,eɾupsʝones,eɾupsiones
escocia,eskosʝa,eskosia
escogiendo,eskoxʝendo,eskoxiendo
escogieron,eskoxʝeɾon,eskoxieɾon
escogió,eskoxʝo,eskoxio
esencia,esensʝa,esensia
esencial,esensʝal,esensial
esenciales,esensʝales,esensiales
esenciales,esensʝales,esensiales
esencialmente,esensʝalmente,esensialmente
espacial,espasʝal,espasial
espaciales,espasʝales,espasiales
espacio,espasʝo,espasio
espacios,espasʝos,espasios
esparciendo,espaɾsʝendo,espaɾsiendo
especia,espesʝa,espesia
especial,espesʝal,espesial
especiales,espesʝales,espesiales
especialidad,espesʝalidad,espesialidad
especialista,espesʝalista,espesialista
especialistas,espesʝalistas,espesialistas
especializa,espesʝalisa,espesialisa
especializada,espesʝalisada,espesialisada
especializado,espesʝalisado,espesialisado
especialmente,espesʝalmente,espesialmente
especias,espesʝas,espesias
especie,espesʝe,espesie
especies,espesʝes,espesies
especificaciones,espesifikasʝones,espesifikasiones
especulación,espekulasʝon,espekulasion
especulaciones,espekulasʝones,espekulasiones
estableciendo,establesʝendo,establesiendo
estableció,establesʝo,establesio
estación,estasʝon,estasion
estaciona,estasʝona,estasiona
estacionado,estasʝonado,estasionado
estacionamiento,estasʝonamʝento,estasionamʝento
estacionar,estasʝonaɾ,estasionaɾ
estacionarse,estasʝonaɾse,estasionaɾse
estaciónate,estasʝonate,estasionate
estaciones,estasʝones,estasiones
estancia,estansʝa,estansia
estimación,estimasʝon,estimasion
estimulación,estimulasʝon,estimulasion
estrategia,estɾatexʝa,estɾatexia
estrategias,estɾatexʝas,estɾatexias
evacuación,ebakwasʝon,ebakwasion
evacuar,ebakwaɾ,ebakuaɾ
evaluación,ebalwasʝon,ebalwasion
evaluaciones,ebalwasʝones,ebalwasiones
evaluar,ebalwaɾ,ebaluaɾ
evidencia,ebidensʝa,ebidensia
evidencias,ebidensʝas,ebidensias
evolución,ebolusʝon,ebolusion
evolucionado,ebolusʝonado,ebolusionado
evolucionar,ebolusʝonaɾ,ebolusionaɾ
fabricación,fabɾikasʝon,fabɾikasion
facial,fasʝal,fasial
faciales,fasʝales,fasiales
falleció,faʝesʝo,faʝesio
falsificación,falsifikasʝon,falsifikasion
falsificaciones,falsifikasʝones,falsifikasiones
farmacia,faɾmasʝa,faɾmasia
fascinación,fassinasʝon,fassinasion
federación,fedeɾasʝon,fedeɾasion
felicitaciones,felisitasʝones,felisitasiones
fiable,fʝable,fiable
fiambre,fʝambɾe,fiambɾe
fianza,fʝansa,fiansa
fiar,fʝaɾ,fiaɾ
fiarme,fʝaɾme,fiaɾme
fiarnos,fʝaɾnos,fiaɾnos
fiarse,fʝaɾse,fiaɾse
fiarte,fʝaɾte,fiaɾte
fiasco,fʝasko,fiasko
ficticio,fiktisʝo,fiktisio
fijación,fixasʝon,fixasion
filmación,filmasʝon,filmasion
filtración,filtɾasʝon,filtɾasion
financia,finansʝa,finansia
financiación,finansʝasʝon,finansiasion
financiamiento,finansʝamʝento,finansiamʝento
financiar,finansʝaɾ,finansiaɾ
financiera,finansʝeɾa,finansieɾa
financieramente,finansʝeɾamente,finansieɾamente
financieras,finansʝeɾas,finansieɾas
financiero,finansʝeɾo,finansieɾo
financieros,finansʝeɾos,finansieɾos
floreciendo,floɾesʝendo,floɾesiendo
florencia,floɾensʝa,floɾensia
fluctuaciones,fluktwasʝones,fluktwasiones
fluido,flwido,fluido
fluidos,flwidos,fluidos
fluir,flwiɾ,fluiɾ
fluya,fluʝa,fluia
fluye,fluʝe,fluie
fluyendo,fluʝendo,fluiendo
formación,foɾmasʝon,foɾmasion
fotografiar,fotogɾafʝaɾ,fotogɾafiaɾ
fragancia,fɾagansʝa,fɾagansia
francia,fɾansʝa,fɾansia
frecuencia,fɾekwensʝa,fɾekwensia
frecuencias,fɾekwensʝas,fɾekwensias
frió,fɾʝo,fɾio
frustración,fɾustɾasʝon,fɾustɾasion
función,funsʝon,funsion
funciona,funsʝona,funsiona
funcionaba,funsʝonaba,funsionaba
funcionaban,funsʝonaban,funsionaban
funcionado,funsʝonado,funsionado
funcional,funsʝonal,funsional
funcionamiento,funsʝonamʝento,funsionamʝento
funcionan,funsʝonan,funsionan
funcionando,funsʝonando,funsionando
funcionar,funsʝonaɾ,funsionaɾ
funcionara,funsʝonaɾa,funsionaɾa
funcionará,funsʝonaɾa,funsionaɾa
funcionaría,funsʝonaɾia,funsionaɾia
funcionario,funsʝonaɾʝo,funsionaɾʝo
funcionarios,funsʝonaɾʝos,funsionaɾʝos
funcionaron,funsʝonaɾon,funsionaɾon
funcione,funsʝone,funsione
funcionen,funsʝonen,funsionen
funciones,funsʝones,funsiones
funciono,funsʝono,funsiono
funcionó,funsʝono,funsiono
fundación,fundasʝon,fundasion
fundición,fundisʝon,fundision
ganancia,ganansʝa,ganansia
ganancias,ganansʝas,ganansias
generación,xeneɾasʝon,xeneɾasion
generaciones,xeneɾasʝones,xeneɾasiones
gerencia,xeɾensʝa,xeɾensia
glaciar,glasʝaɾ,glasiaɾ
grabación,gɾabasʝon,gɾabasion
grabaciones,gɾabasʝones,gɾabasiones
gracia,gɾasʝa,gɾasia
gracias,gɾasʝas,gɾasias
graciosa,gɾasʝosa,gɾasiosa
graciosas,gɾasʝosas,gɾasiosas
gracioso,gɾasʝoso,gɾasioso
graciosos,gɾasʝosos,gɾasiosos
graduación,gɾadwasʝon,gɾadwasion
graduado,gɾadwado,gɾaduado
graduados,gɾadwados,gɾaduados
gradué,gɾadwe,gɾadue
graduó,gɾadwo,gɾaduo
gravitacional,gɾabitasʝonal,gɾabitasional
grecia,gɾesʝa,gɾesia
guarnición,gwaɾnisʝon,gwaɾnision
guiada,gʝada,giada
guiado,gʝado,giado
guiando,gʝando,giando
guiar,gʝaɾ,giaɾ
guiará,gʝaɾa,giaɾa
guiaré,gʝaɾe,giaɾe
guiarlos,gʝaɾlos,giaɾlos
guiarme,gʝaɾme,giaɾme
guiarnos,gʝaɾnos,giaɾnos
guiarte,gʝaɾte,giaɾte
guió,gʝo,gio
guión,gʝon,gion
guiones,gʝones,giones
guionista,gʝonista,gionista
guionistas,gʝonistas,gionistas
habitación,abitasʝon,abitasion
habitaciones,abitasʝones,abitasiones
hacia,asʝa,asia
hacian,asʝan,asian
hacienda,asʝenda,asienda
haciendo,asʝendo,asiendo
haciéndola,asʝendola,asiendola
haciéndole,asʝendole,asiendole
haciéndoles,asʝendoles,asiendoles
haciéndolo,asʝendolo,asiendolo
haciéndolos,asʝendolos,asiendolos
haciéndome,asʝendome,asiendome
haciéndonos,asʝendonos,asiendonos
haciéndose,asʝendose,asiendose
haciéndote,asʝendote,asiendote
haya,aʝa,aia
hayáis,aʝais,aiais
hayamos,aʝamos,aiamos
hayan,aʝan,aian
hayas,aʝas,aias
hemorragia,emoraxʝa,emoraxia
hemorragias,emoraxʝas,emoraxias
herencia,eɾensʝa,eɾensia
hibernación,ibeɾnasʝon,ibeɾnasion
hiciera,isʝeɾa,isieɾa
hiciéramos,isʝeɾamos,isieɾamos
hicieran,isʝeɾan,isieɾan
hicieras,isʝeɾas,isieɾas
hicieron,isʝeɾon,isieɾon
hiciese,isʝese,isiese
higiene,ixʝene,ixiene
higiénico,ixʝeniko,ixieniko
hiperespacio,ipeɾespasʝo,ipeɾespasio
horacio,oɾasʝo,oɾasio
hoyo,oʝo,oio
hoyos,oʝos,oios
hueca,gueka,weka
hueco,gueko,weko
huecos,guekos,wekos
huela,guela,wela
huele,guele,wele
huélelo,guelelo,welelo
huelen,guelen,welen
hueles,gueles,weles
huelga,guelga,welga
huelgas,guelgas,welgas
huella,gueʝa,weʝa
huellas,gueʝas,weʝas
huelo,guelo,welo
huérfana,gueɾfana,weɾfana
huérfano,gueɾfano,weɾfano
huérfanos,gueɾfanos,weɾfanos
huerta,gueɾta,weɾta
huerto,gueɾto,weɾto
huesitos,guesitos,wesitos
hueso,gueso,weso
huesos,guesos,wesos
huésped,guesped,wesped
huéspedes,guespedes,wespedes
huevo,guebo,webo
huevos,guebos,webos
humillación,umiʝasʝon,umiʝasion
huya,uʝa,wia
huyamos,uʝamos,wiamos
huyan,uʝan,wian
huyas,uʝas,wias
huye,uʝe,wie
huyen,uʝen,wien
huyendo,uʝendo,wiendo
huyeron,uʝeɾon,wieɾon
huyes,uʝes,wies
huyo,uʝo,wio
huyó,uʝo,wio
identificación,identifikasʝon,identifikasion
identificaciones,identifikasʝones,identifikasiones
ignacio,ignasʝo,ignasio
ignición,ignisʝon,ignision
ignorancia,ignoɾansʝa,ignoɾansia
iluminación,iluminasʝon,iluminasion
ilustraciones,ilustɾasʝones,ilustɾasiones
imaginación,imaxinasʝon,imaxinasion
imaginaciones,imaxinasʝones,imaxinasiones
imitación,imitasʝon,imitasion
imitaciones,imitasʝones,imitasiones
impaciencia,impasʝensʝa,impasiensia
impaciente,impasʝente,impasiente
impacientes,impasʝentes,impasientes
imparcial,impaɾsʝal,impaɾsial
impertinencia,impeɾtinensʝa,impeɾtinensia
impetuoso,impetwoso,impetuoso
implicaciones,implikasʝones,implikasiones
importación,impoɾtasʝon,impoɾtasion
importancia,impoɾtansʝa,impoɾtansia
impotencia,impotensʝa,impotensia
improvisación,impɾobisasʝon,impɾobisasion
imprudencia,impɾudensʝa,impɾudensia
inauguración,inauguɾasʝon,inauguɾasion
incienso,insʝenso,insienso
incierto,insʝeɾto,insieɾto
indemnización,indemnisasʝon,indemnisasion
independencia,independensʝa,independensia
indicación,indikasʝon,indikasion
indicaciones,indikasʝones,indikasiones
indicio,indisʝo,indisio
indicios,indisʝos,indisios
indiferencia,indifeɾensʝa,indifeɾensia
indignación,indignasʝon,indignasion
indiscreción,indiskɾesʝon,indiskɾesion
indulgencia,indulxensʝa,indulxensia
inercia,ineɾsʝa,ineɾsia
inicia,inisʝa,inisia
iniciación,inisʝasʝon,inisiasion
iniciada,inisʝada,inisiada
iniciado,inisʝado,inisiado
inicial,inisʝal,inisial
iniciales,inisʝales,inisiales
inicialmente,inisʝalmente,inisialmente
iniciamos,inisʝamos,inisiamos
iniciando,inisʝando,inisiando
iniciar,inisʝaɾ,inisiaɾ
iniciativa,inisʝatiba,inisiatiba
inicie,inisʝe,inisie
inicien,inisʝen,inisien
inicio,inisʝo,inisio
inició,inisʝo,inisio
inocencia,inosensʝa,inosensia
insaciable,insasʝable,insasiable
inscripción,inskɾipsʝon,inskɾipsion
insinuaciones,insinwasʝones,insinwasiones
insinuando,insinwando,insinuando
insinuar,insinwaɾ,insinuaɾ
insinuó,insinwo,insinuo
insistencia,insistensʝa,insistensia
insolencia,insolensʝa,insolensia
inspiración,inspiɾasʝon,inspiɾasion
instalación,instalasʝon,instalasion
instalaciones,instalasʝones,instalasiones
instancia,instansʝa,instansia
institución,institusʝon,institusion
instituciones,institusʝones,institusiones
insubordinación,insuboɾdinasʝon,insuboɾdinasion
insuficiencia,insufisʝensʝa,insufisiensia
insuficiente,insufisʝente,insufisiente
integración,integɾasʝon,integɾasion
inteligencia,intelixensʝa,intelixensia
intención,intensʝon,intension
intencional,intensʝonal,intensional
intencionalmente,intensʝonalmente,intensionalmente
intenciones,intensʝones,intensiones
intercepción,inteɾsepsʝon,inteɾsepsion
interferencia,inteɾfeɾensʝa,inteɾfeɾensia
interferencias,inteɾfeɾensʝas,inteɾfeɾensias
internacional,inteɾnasʝonal,inteɾnasional
internacionales,inteɾnasʝonales,inteɾnasionales
interpretación,inteɾpɾetasʝon,inteɾpɾetasion
interrogación,interogasʝon,interogasion
interrupción,interupsʝon,interupsion
interrupciones,interupsʝones,interupsiones
intervención,inteɾbensʝon,inteɾbension
intervenciones,inteɾbensʝones,inteɾbensiones
intimidación,intimidasʝon,intimidasion
intolerancia,intoleɾansʝa,intoleɾansia
intuición,intwisʝon,intwision
inundación,inundasʝon,inundasion
inundaciones,inundasʝones,inundasiones
inyectado,inʝektado,iniektado
inyectar,inʝektaɾ,iniektaɾ
iones,iones,ʝones
irracional,irasʝonal,irasional
irrespetuoso,irespetwoso,irespetuoso
jihad,xʝad,xiad
joya,xoʝa,xoia
joyas,xoʝas,xoias
joyería,xoʝeɾia,xoieɾia
joyero,xoʝeɾo,xoieɾo
jubilación,xubilasʝon,xubilasion
judicial,xudisʝal,xudisial
judiciales,xudisʝales,xudisiales
juicio,xwisʝo,xwisio
juicios,xwisʝos,xwisios
justicia,xustisʝa,xustisia
justificación,xustifikasʝon,xustifikasion
lacayo,lakaʝo,lakaio
laceraciones,laseɾasʝones,laseɾasiones
legión,lexʝon,lexion
legiones,lexʝones,lexiones
leyenda,leʝenda,leienda
leyendas,leʝendas,leiendas
leyendo,leʝendo,leiendo
leyera,leʝeɾa,leieɾa
leyeron,leʝeɾon,leieɾon
leyes,leʝes,leies
leyó,leʝo,leio
liado,lʝado,liado
liberación,libeɾasʝon,libeɾasion
licencia,lisensʝa,lisensia
licenciado,lisensʝado,lisensiado
licencias,lisensʝas,lisensias
licenciatura,lisensʝatuɾa,lisensiatuɾa
limitaciones,limitasʝones,limitasiones
liquidación,likidasʝon,likidasion
locación,lokasʝon,lokasion
localización,lokalisasʝon,lokalisasion
loción,losʝon,losion
louisiana,louisʝana,lowisʝana
luciendo,lusʝendo,lusiendo
luciérnagas,lusʝeɾnagas,lusieɾnagas
lucrecia,lukɾesʝa,lukɾesia
luis,lwis,luis
magia,maxʝa,maxia
majestuoso,maxestwoso,maxestuoso
malcriada,malkɾʝada,malkɾiada
malcriado,malkɾʝado,malkɾiado
maldiciendo,maldisʝendo,maldisiendo
maldición,maldisʝon,maldision
maldiciones,maldisʝones,maldisiones
malicia,malisʝa,malisia
manifestación,manifestasʝon,manifestasion
manifestaciones,manifestasʝones,manifestasiones
maniobra,manʝobɾa,maniobɾa
maniobrar,manʝobɾaɾ,maniobɾaɾ
maniobras,manʝobɾas,maniobɾas
manipulación,manipulasʝon,manipulasion
marcial,maɾsʝal,maɾsial
marciales,maɾsʝales,maɾsiales
marciano,maɾsʝano,maɾsiano
marcianos,maɾsʝanos,maɾsianos
importación,impoɾtasʝon,impoɾtasion
importancia,impoɾtansʝa,impoɾtansia
impotencia,impotensʝa,impotensia
improvisación,impɾobisasʝon,impɾobisasion
imprudencia,impɾudensʝa,impɾudensia
inauguración,inauguɾasʝon,inauguɾasion
incienso,insʝenso,insienso
incierto,insʝeɾto,insieɾto
indemnización,indemnisasʝon,indemnisasion
independencia,independensʝa,independensia
indicación,indikasʝon,indikasion
indicaciones,indikasʝones,indikasiones
indicio,indisʝo,indisio
indicios,indisʝos,indisios
indiferencia,indifeɾensʝa,indifeɾensia
indignación,indignasʝon,indignasion
indiscreción,indiskɾesʝon,indiskɾesion
indulgencia,indulxensʝa,indulxensia
inercia,ineɾsʝa,ineɾsia
inicia,inisʝa,inisia
iniciación,inisʝasʝon,inisiasion
iniciada,inisʝada,inisiada
iniciado,inisʝado,inisiado
inicial,inisʝal,inisial
iniciales,inisʝales,inisiales
inicialmente,inisʝalmente,inisialmente
iniciamos,inisʝamos,inisiamos
iniciando,inisʝando,inisiando
iniciar,inisʝaɾ,inisiaɾ
iniciativa,inisʝatiba,inisiatiba
inicie,inisʝe,inisie
inicien,inisʝen,inisien
inicio,inisʝo,inisio
inició,inisʝo,inisio
inocencia,inosensʝa,inosensia
insaciable,insasʝable,insasiable
inscripción,inskɾipsʝon,inskɾipsion
insinuaciones,insinwasʝones,insinwasiones
insinuando,insinwando,insinuando
insinuar,insinwaɾ,insinuaɾ
insinuó,insinwo,insinuo
insistencia,insistensʝa,insistensia
insolencia,insolensʝa,insolensia
inspiración,inspiɾasʝon,inspiɾasion
instalación,instalasʝon,instalasion
instalaciones,instalasʝones,instalasiones
instancia,instansʝa,instansia
institución,institusʝon,institusion
instituciones,institusʝones,institusiones
insubordinación,insuboɾdinasʝon,insuboɾdinasion
insuficiencia,insufisʝensʝa,insufisiensia
insuficiente,insufisʝente,insufisiente
integración,integɾasʝon,integɾasion
inteligencia,intelixensʝa,intelixensia
intención,intensʝon,intension
intencional,intensʝonal,intensional
intencionalmente,intensʝonalmente,intensionalmente
intenciones,intensʝones,intensiones
intercepción,inteɾsepsʝon,inteɾsepsion
interferencia,inteɾfeɾensʝa,inteɾfeɾensia
interferencias,inteɾfeɾensʝas,inteɾfeɾensias
internacional,inteɾnasʝonal,inteɾnasional
internacionales,inteɾnasʝonales,inteɾnasionales
interpretación,inteɾpɾetasʝon,inteɾpɾetasion
interrogación,interogasʝon,interogasion
interrupción,interupsʝon,interupsion
interrupciones,interupsʝones,interupsiones
intervención,inteɾbensʝon,inteɾbension
intervenciones,inteɾbensʝones,inteɾbensiones
intimidación,intimidasʝon,intimidasion
intolerancia,intoleɾansʝa,intoleɾansia
intuición,intwisʝon,intwision
inundación,inundasʝon,inundasion
inundaciones,inundasʝones,inundasiones
inyectado,inʝektado,iniektado
inyectar,inʝektaɾ,iniektaɾ
iones,iones,ʝones
irracional,irasʝonal,irasional
irrespetuoso,irespetwoso,irespetuoso
jihad,xʝad,xiad
joya,xoʝa,xoia
joyas,xoʝas,xoias
joyería,xoʝeɾia,xoieɾia
joyero,xoʝeɾo,xoieɾo
jubilación,xubilasʝon,xubilasion
judicial,xudisʝal,xudisial
judiciales,xudisʝales,xudisiales
juicio,xwisʝo,xwisio
juicios,xwisʝos,xwisios
justicia,xustisʝa,xustisia
justificación,xustifikasʝon,xustifikasion
lacayo,lakaʝo,lakaio
laceraciones,laseɾasʝones,laseɾasiones
legión,lexʝon,lexion
legiones,lexʝones,lexiones
leyenda,leʝenda,leienda
leyendas,leʝendas,leiendas
leyendo,leʝendo,leiendo
leyera,leʝeɾa,leieɾa
leyeron,leʝeɾon,leieɾon
leyes,leʝes,leies
leyó,leʝo,leio
liado,lʝado,liado
liberación,libeɾasʝon,libeɾasion
licencia,lisensʝa,lisensia
licenciado,lisensʝado,lisensiado
licencias,lisensʝas,lisensias
licenciatura,lisensʝatuɾa,lisensiatuɾa
limitaciones,limitasʝones,limitasiones
liquidación,likidasʝon,likidasion
locación,lokasʝon,lokasion
localización,lokalisasʝon,lokalisasion
loción,losʝon,losion
louisiana,louisʝana,lowisʝana
luciendo,lusʝendo,lusiendo
luciérnagas,lusʝeɾnagas,lusieɾnagas
lucrecia,lukɾesʝa,lukɾesia
luis,lwis,luis
magia,maxʝa,maxia
majestuoso,maxestwoso,maxestuoso
malcriada,malkɾʝada,malkɾiada
malcriado,malkɾʝado,malkɾiado
maldiciendo,maldisʝendo,maldisiendo
maldición,maldisʝon,maldision
maldiciones,maldisʝones,maldisiones
malicia,malisʝa,malisia
manifestación,manifestasʝon,manifestasion
manifestaciones,manifestasʝones,manifestasiones
maniobra,manʝobɾa,maniobɾa
maniobrar,manʝobɾaɾ,maniobɾaɾ
maniobras,manʝobɾas,maniobɾas
manipulación,manipulasʝon,manipulasion
marcial,maɾsʝal,maɾsial
marciales,maɾsʝales,maɾsiales
marciano,maɾsʝano,maɾsiano
marcianos,maɾsʝanos,maɾsianos
masturbación,mastuɾbasʝon,mastuɾbasion
maya,maʝa,maia
mayo,maʝo,maio
mayonesa,maʝonesa,maionesa
mayor,maʝoɾ,maioɾ
mayordomo,maʝoɾdomo,maioɾdomo
mayores,maʝoɾes,maioɾes
mayoría,maʝoɾia,maioɾia
mayormente,maʝoɾmente,maioɾmente
mayúscula,maʝuskula,maiuskula
medicación,medikasʝon,medikasion
meditación,meditasʝon,meditasion
mención,mensʝon,mension
menciona,mensʝona,mensiona
mencionado,mensʝonado,mensionado
mencionan,mensʝonan,mensionan
mencionar,mensʝonaɾ,mensionaɾ
mencionarlo,mensʝonaɾlo,mensionaɾlo
mencionaron,mensʝonaɾon,mensionaɾon
mencionas,mensʝonas,mensionas
mencionaste,mensʝonaste,mensionaste
mencione,mensʝone,mensione
mencioné,mensʝone,mensione
menciones,mensʝones,mensiones
menciono,mensʝono,mensiono
mencionó,mensʝono,mensiono
migración,migɾasʝon,migɾasion
milicia,milisʝa,milisia
miriam,miɾʝam,miɾiam
moción,mosʝon,mosion
moderación,modeɾasʝon,modeɾasion
modificación,modifikasʝon,modifikasion
modificaciones,modifikasʝones,modifikasiones
monstruosa,monstɾwosa,monstɾuosa
monstruoso,monstɾwoso,monstɾuoso
motivación,motibasʝon,motibasion
munición,munisʝon,munision
municiones,munisʝones,munisiones
murciélago,muɾsʝelago,muɾsielago
murciélagos,muɾsʝelagos,muɾsielagos
mutación,mutasʝon,mutasion
mutaciones,mutasʝones,mutasiones
mutilación,mutilasʝon,mutilasion
naciera,nasʝeɾa,nasieɾa
nacieras,nasʝeɾas,nasieɾas
nacieron,nasʝeɾon,nasieɾon
nació,nasʝo,nasio
nación,nasʝon,nasion
nacional,nasʝonal,nasional
nacionales,nasʝonales,nasionales
nacionalidad,nasʝonalidad,nasionalidad
naciones,nasʝones,nasiones
narración,narasʝon,narasion
natación,natasʝon,natasion
naufragio,naufɾaxʝo,naufɾaxio
navegación,nabegasʝon,nabegasion
necio,nesʝo,nesio
negación,negasʝon,negasion
negligencia,neglixensʝa,neglixensia
negocia,negosʝa,negosia
negociable,negosʝable,negosiable
negociación,negosʝasʝon,negosiasion
negociaciones,negosʝasʝones,negosiasiones
negociador,negosʝadoɾ,negosiadoɾ
negociamos,negosʝamos,negosiamos
negociando,negosʝando,negosiando
negociante,negosʝante,negosiante
negociar,negosʝaɾ,negosiaɾ
negocio,negosʝo,negosio
negocios,negosʝos,negosios
noción,nosʝon,nosion
nominación,nominasʝon,nominasion
nostalgia,nostalxʝa,nostalxia
noticia,notisʝa,notisia
noticiario,notisʝaɾʝo,notisiaɾʝo
noticias,notisʝas,notisias
noticiero,notisʝeɾo,notisieɾo
noticieros,notisʝeɾos,notisieɾos
notificación,notifikasʝon,notifikasion
novecientos,nobesʝentos,nobesientos
nupcial,nupsʝal,nupsial
nutrición,nutɾisʝon,nutɾision
obediencia,obedʝensʝa,obedʝensia
objeción,obxesʝon,obxesion
objeciones,obxesʝones,obxesiones
obligación,obligasʝon,obligasion
obligaciones,obligasʝones,obligasiones
observación,obseɾbasʝon,obseɾbasion
observaciones,obseɾbasʝones,obseɾbasiones
ocio,osʝo,osio
ocupación,okupasʝon,okupasion
odiaba,odʝaba,odiaba
odiaban,odʝaban,odiaban
odiabas,odʝabas,odiabas
odiado,odʝado,odiado
odiamos,odʝamos,odiamos
odiar,odʝaɾ,odiaɾ
odiaría,odʝaɾia,odiaɾia
odié,odʝe,odie
oficial,ofisʝal,ofisial
oficiales,ofisʝales,ofisiales
oficialmente,ofisʝalmente,ofisialmente
oficio,ofisʝo,ofisio
ofreciendo,ofɾesʝendo,ofɾesiendo
ofrecieron,ofɾesʝeɾon,ofɾesieɾon
ofreció,ofɾesʝo,ofɾesio
opción,opsʝon,opsion
opciones,opsʝones,opsiones
operación,opeɾasʝon,opeɾasion
operacional,opeɾasʝonal,opeɾasional
operaciones,opeɾasʝones,opeɾasiones
oposición,oposisʝon,oposision
oración,oɾasʝon,oɾasion
oraciones,oɾasʝones,oɾasiones
organización,oɾganisasʝon,oɾganisasion
organizaciones,oɾganisasʝones,oɾganisasiones
orientación,oɾʝentasʝon,oɾʝentasion
orificio,oɾifisʝo,oɾifisio
orificios,oɾifisʝos,oɾifisios
oscureciendo,oskuɾesʝendo,oskuɾesiendo
oye,oʝe,oie
óyeme,oʝeme,oieme
oyen,oʝen,oien
oyendo,oʝendo,oiendo
oyente,oʝente,oiente
oyentes,oʝentes,oientes
oyera,oʝeɾa,oieɾa
oyeron,oʝeɾon,oieɾon
oyes,oʝes,oies
oyó,oʝo,oio
paciencia,pasʝensʝa,pasiensia
paciente,pasʝente,pasiente
pacientes,pasʝentes,pasientes
palacio,palasʝo,palasio
palacios,palasʝos,palasios
paranoia,paɾanoia,paɾanoʝa
parcial,paɾsʝal,paɾsial
parciales,paɾsʝales,paɾsiales
parcialmente,paɾsʝalmente,paɾsialmente
pareciendo,paɾesʝendo,paɾesiendo
pareciera,paɾesʝeɾa,paɾesieɾa
parecieron,paɾesʝeɾon,paɾesieɾon
pareció,paɾesʝo,paɾesio
participación,paɾtisipasʝon,paɾtisipasion
patricia,patɾisʝa,patɾisia
patricio,patɾisʝo,patɾisio
payasadas,paʝasadas,paiasadas
payaso,paʝaso,paiaso
payasos,paʝasos,paiasos
penetración,penetɾasʝon,penetɾasion
penitencia,penitensʝa,penitensia
penitenciaría,penitensʝaɾia,penitensiaɾia
percepción,peɾsepsʝon,peɾsepsion
perdición,peɾdisʝon,peɾdision
peregrinación,peɾegɾinasʝon,peɾegɾinasion
perforación,peɾfoɾasʝon,peɾfoɾasion
pericia,peɾisʝa,peɾisia
perjudicial,peɾxudisʝal,peɾxudisial
permaneció,peɾmanesʝo,peɾmanesio
persecución,peɾsekusʝon,peɾsekusion
persecuciones,peɾsekusʝones,peɾsekusiones
perseverancia,peɾsebeɾansʝa,peɾsebeɾansia
persiguiendo,peɾsigʝendo,peɾsigiendo
persiguiéndome,peɾsigʝendome,peɾsigiendome
persiguiéndote,peɾsigʝendote,peɾsigiendote
persiguieron,peɾsigʝeɾon,peɾsigieɾon
persiguió,peɾsigʝo,peɾsigio
perteneció,peɾtenesʝo,peɾtenesio
pertenencias,peɾtenensʝas,peɾtenensias
petición,petisʝon,petision
peticiones,petisʝones,petisiones
piadoso,pʝadoso,piadoso
planificación,planifikasʝon,planifikasion
plantación,plantasʝon,plantasion
plantaciones,plantasʝones,plantasiones
playa,plaʝa,plaia
playas,plaʝas,plaias
plebeyo,plebeʝo,plebeio
población,poblasʝon,poblasion
poción,posʝon,posion
pociones,posʝones,posiones
policial,polisʝal,polisial
policiales,polisʝales,polisiales
pompeyo,pompeʝo,pompeio
popeye,popeʝe,popeie
porción,poɾsʝon,poɾsion
porciones,poɾsʝones,poɾsiones
posición,posisʝon,posision
posiciones,posisʝones,posisiones
potencia,potensʝa,potensia
potencial,potensʝal,potensial
potenciales,potensʝales,potensiales
potencialmente,potensʝalmente,potensialmente
precaución,pɾekausʝon,pɾekausion
precauciones,pɾekausʝones,pɾekausiones
preciada,pɾesʝada,pɾesiada
preciado,pɾesʝado,pɾesiado
precio,pɾesʝo,pɾesio
precios,pɾesʝos,pɾesios
preciosa,pɾesʝosa,pɾesiosa
preciosas,pɾesʝosas,pɾesiosas
preciosidad,pɾesʝosidad,pɾesiosidad
precioso,pɾesʝoso,pɾesioso
preciosos,pɾesʝosos,pɾesiosos
precipicio,pɾesipisʝo,pɾesipisio
preferencia,pɾefeɾensʝa,pɾefeɾensia
preferencias,pɾefeɾensʝas,pɾefeɾensias
prejuicio,pɾexwisʝo,pɾexwisio
prejuicios,pɾexwisʝos,pɾexwisios
premeditación,pɾemeditasʝon,pɾemeditasion
premonición,pɾemonisʝon,pɾemonision
prenupcial,pɾenupsʝal,pɾenupsial
preocupación,pɾeokupasʝon,pɾeokupasion
preocupaciones,pɾeokupasʝones,pɾeokupasiones
preparación,pɾepaɾasʝon,pɾepaɾasion
presagio,pɾesaxʝo,pɾesaxio
prescripción,pɾeskɾipsʝon,pɾeskɾipsion
presencia,pɾesensʝa,pɾesensia
presenciado,pɾesensʝado,pɾesensiado
presenciar,pɾesensʝaɾ,pɾesensiaɾ
presenció,pɾesensʝo,pɾesensio
presentación,pɾesentasʝon,pɾesentasion
presentaciones,pɾesentasʝones,pɾesentasiones
preservación,pɾeseɾbasʝon,pɾeseɾbasion
presidencia,pɾesidensʝa,pɾesidensia
presidencial,pɾesidensʝal,pɾesidensial
prestigio,pɾestixʝo,pɾestixio
presunción,pɾesunsʝon,pɾesunsion
presuntuoso,pɾesuntwoso,pɾesuntuoso
pretencioso,pɾetensʝoso,pɾetensioso
prevención,pɾebensʝon,pɾebension
primicia,pɾimisʝa,pɾimisia
prior,pɾʝoɾ,pɾioɾ
prioridad,pɾʝoɾidad,pɾioɾidad
prioridades,pɾʝoɾidades,pɾioɾidades
prioritario,pɾʝoɾitaɾʝo,pɾioɾitaɾʝo
privación,pɾibasʝon,pɾibasion
privilegiada,pɾibilexʝada,pɾibilexiada
privilegio,pɾibilexʝo,pɾibilexio
privilegios,pɾibilexʝos,pɾibilexios
procedencia,pɾosedensʝa,pɾosedensia
prodigio,pɾodixʝo,pɾodixio
produciendo,pɾodusʝendo,pɾodusiendo
programación,pɾogɾamasʝon,pɾogɾamasion
prohibe,pɾoibe,pɾoʝbe
prohibición,pɾoibisʝon,pɾoʝbision
prohibida,pɾoibida,pɾoʝbida
prohibidas,pɾoibidas,pɾoʝbidas
prohibido,pɾoibido,pɾoʝbido
prohibidos,pɾoibidos,pɾoʝbidos
prohibieron,pɾoibʝeɾon,pɾoʝbʝeɾon
prohibió,pɾoibʝo,pɾoʝbʝo
prohibir,pɾoibiɾ,pɾoʝbiɾ
prohíbo,pɾoibo,pɾoʝbo
promoción,pɾomosʝon,pɾomosion
pronuncia,pɾonunsʝa,pɾonunsia
pronunciado,pɾonunsʝado,pɾonunsiado
pronunciar,pɾonunsʝaɾ,pɾonunsiaɾ
pronunciarlo,pɾonunsʝaɾlo,pɾonunsiaɾlo
proporción,pɾopoɾsʝon,pɾopoɾsion
proporciona,pɾopoɾsʝona,pɾopoɾsiona
proporcionado,pɾopoɾsʝonado,pɾopoɾsionado
proporcionar,pɾopoɾsʝonaɾ,pɾopoɾsionaɾ
proporcionarle,pɾopoɾsʝonaɾle,pɾopoɾsionaɾle
proporciones,pɾopoɾsʝones,pɾopoɾsiones
proporcionó,pɾopoɾsʝono,pɾopoɾsiono
proposición,pɾoposisʝon,pɾoposision
prostitución,pɾostitusʝon,pɾostitusion
protegiendo,pɾotexʝendo,pɾotexiendo
protegiéndote,pɾotexʝendote,pɾotexiendote
protegió,pɾotexʝo,pɾotexio
providencia,pɾobidensʝa,pɾobidensia
provincia,pɾobinsʝa,pɾobinsia
provincias,pɾobinsʝas,pɾobinsias
provocación,pɾobokasʝon,pɾobokasion
proyecta,pɾoʝekta,pɾoiekta
proyectar,pɾoʝektaɾ,pɾoiektaɾ
proyectil,pɾoʝektil,pɾoiektil
proyectiles,pɾoʝektiles,pɾoiektiles
proyecto,pɾoʝekto,pɾoiekto
proyector,pɾoʝektoɾ,pɾoiektoɾ
proyectos,pɾoʝektos,pɾoiektos
prudencia,pɾudensʝa,pɾudensia
publicación,publikasʝon,publikasion
publicaciones,publikasʝones,publikasiones
punción,punsʝon,punsion
puntuación,puntwasʝon,puntwasion
quicio,kisʝo,kisio
racial,rasʝal,rasial
raciales,rasʝales,rasiales
ración,rasʝon,rasion
racional,rasʝonal,rasional
racionales,rasʝonales,rasionales
raciones,rasʝones,rasiones
radiación,radʝasʝon,radʝasion
rascacielos,raskasʝelos,raskasielos
raya,raʝa,raia
rayado,raʝado,raiado
rayas,raʝas,raias
rayo,raʝo,raio
rayos,raʝos,raios
realización,realisasʝon,realisasion
reanimación,reanimasʝon,reanimasion
recaudación,rekaudasʝon,rekaudasion
recepción,resepsʝon,resepsion
recepcionista,resepsʝonista,resepsionista
recién,resʝen,resien
reciente,resʝente,resiente
recientemente,resʝentemente,resientemente
recientes,resʝentes,resientes
reclamación,reklamasʝon,reklamasion
recogiendo,rekoxʝendo,rekoxiendo
recogieron,rekoxʝeɾon,rekoxieɾon
recogió,rekoxʝo,rekoxio
recomendación,rekomendasʝon,rekomendasion
recomendaciones,rekomendasʝones,rekomendasiones
reconciliación,rekonsilʝasʝon,rekonsilʝasion
reconoció,rekonosʝo,rekonosio
reconstruir,rekonstɾwiɾ,rekonstɾuiɾ
recreación,rekɾeasʝon,rekɾeasion
recuperación,rekupeɾasʝon,rekupeɾasion
redención,redensʝon,redension
reduciendo,redusʝendo,redusiendo
referencia,refeɾensʝa,refeɾensia
referencias,refeɾensʝas,refeɾensias
refrigeración,refɾixeɾasʝon,refɾixeɾasion
refugiado,refuxʝado,refuxiado
refugiados,refuxʝados,refuxiados
refugiarse,refuxʝaɾse,refuxiaɾse
refugio,refuxʝo,refuxio
refugios,refuxʝos,refuxios
regeneración,rexeneɾasʝon,rexeneɾasion
región,rexʝon,rexion
regional,rexʝonal,rexional
regionales,rexʝonales,rexionales
regiones,rexʝones,rexiones
regulaciones,regulasʝones,regulasiones
rehabilitación,reabilitasʝon,reabilitasion
rehúsa,reusa,rewsa
rehusó,reuso,rewso
reiniciar,reinisʝaɾ,reinisiaɾ
relación,relasʝon,relasion
relaciona,relasʝona,relasiona
relacionada,relasʝonada,relasionada
relacionadas,relasʝonadas,relasionadas
relacionado,relasʝonado,relasionado
relacionados,relasʝonados,relasionados
relacionan,relasʝonan,relasionan
relacionar,relasʝonaɾ,relasionaɾ
relacionarme,relasʝonaɾme,relasionaɾme
relacionarse,relasʝonaɾse,relasionaɾse
relaciones,relasʝones,relasiones
relajación,relaxasʝon,relaxasion
relevancia,relebansʝa,relebansia
religión,relixʝon,relixion
religiones,relixʝones,relixiones
religiosa,relixʝosa,relixiosa
religiosas,relixʝosas,relixiosas
religioso,relixʝoso,relixioso
religiosos,relixʝosos,relixiosos
reluciente,relusʝente,relusiente
remodelación,remodelasʝon,remodelasion
rendición,rendisʝon,rendision
renovación,renobasʝon,renobasion
renuncia,renunsʝa,renunsia
renunciado,renunsʝado,renunsiado
renunciando,renunsʝando,renunsiando
renunciar,renunsʝaɾ,renunsiaɾ
renunciaré,renunsʝaɾe,renunsiaɾe
renuncias,renunsʝas,renunsias
renunciaste,renunsʝaste,renunsiaste
renuncie,renunsʝe,renunsie
renuncié,renunsʝe,renunsie
renuncies,renunsʝes,renunsies
renuncio,renunsʝo,renunsio
renunció,renunsʝo,renunsio
reparación,repaɾasʝon,repaɾasion
reparaciones,repaɾasʝones,repaɾasiones
repetición,repetisʝon,repetision
representación,repɾesentasʝon,repɾesentasion
reputación,reputasʝon,reputasion
reservaciones,reseɾbasʝones,reseɾbasiones
residencia,residensʝa,residensia
residencial,residensʝal,residensial
resistencia,resistensʝa,resistensia
resolución,resolusʝon,resolusion
resonancia,resonansʝa,resonansia
respetuosamente,respetwosamente,respetuosamente
respetuoso,respetwoso,respetuoso
respiración,respiɾasʝon,respiɾasion
restauración,restauɾasʝon,restauɾasion
retención,retensʝon,retension
retorciéndose,retoɾsʝendose,retoɾsiendose
retribución,retɾibusʝon,retɾibusion
revelación,rebelasʝon,rebelasion
revelaciones,rebelasʝones,rebelasiones
reverencia,rebeɾensʝa,rebeɾensia
revolución,rebolusʝon,rebolusion
revolucionaria,rebolusʝonaɾʝa,rebolusionaɾʝa
revolucionario,rebolusʝonaɾʝo,rebolusionaɾʝo
revolucionarios,rebolusʝonaɾʝos,rebolusionaɾʝos
revoluciones,rebolusʝones,rebolusiones
reyes,reʝes,reies
riendo,rʝendo,riendo
riéndose,rʝendose,riendose
riéndote,rʝendote,riendote
rió,rʝo,rio
rotación,rotasʝon,rotasion
royal,roʝal,roial
ruido,rwido,ruido
ruidos,rwidos,ruidos
sacrificio,sakɾifisʝo,sakɾifisio
sacrificios,sakɾifisʝos,sakɾifisios
sacrilegio,sakɾilexʝo,sakɾilexio
salvación,salbasʝon,salbasion
santuario,santwaɾʝo,santuaɾʝo
saturación,satuɾasʝon,satuɾasion
sayonara,saʝonaɾa,saionaɾa
secuencia,sekwensʝa,sekwensia
secuencias,sekwensʝas,sekwensias
seiscientos,seissʝentos,seissientos
sensación,sensasʝon,sensasion
sensacional,sensasʝonal,sensasional
sensaciones,sensasʝones,sensasiones
sentencia,sentensʝa,sentensia
sentenciado,sentensʝado,sentensiado
sentencias,sentensʝas,sentensias
separación,sepaɾasʝon,sepaɾasion
sergio,seɾxʝo,seɾxio
servicial,seɾbisʝal,seɾbisial
servicio,seɾbisʝo,seɾbisio
servicios,seɾbisʝos,seɾbisios
siam,sʝam,siam
siguiendo,sigʝendo,sigiendo
siguiéndolo,sigʝendolo,sigiendolo
siguiéndome,sigʝendome,sigiendome
siguiéndonos,sigʝendonos,sigiendonos
siguiéndote,sigʝendote,sigiendote
siguiente,sigʝente,sigiente
siguientes,sigʝentes,sigientes
siguiera,sigʝeɾa,sigieɾa
siguieran,sigʝeɾan,sigieɾan
siguieras,sigʝeɾas,sigieɾas
siguieron,sigʝeɾon,sigieɾon
siguió,sigʝo,sigio
silenciador,silensʝadoɾ,silensiadoɾ
silencio,silensʝo,silensio
silenciosa,silensʝosa,silensiosa
silenciosamente,silensʝosamente,silensiosamente
silencioso,silensʝoso,silensioso
silenciosos,silensʝosos,silensiosos
simulación,simulasʝon,simulasion
situación,sitwasʝon,sitwasion
situaciones,sitwasʝones,sitwasiones
situada,sitwada,situada
situado,sitwado,situado
sobrevivencia,sobɾebibensʝa,sobɾebibensia
socia,sosʝa,sosia
sociable,sosʝable,sosiable
social,sosʝal,sosial
sociales,sosʝales,sosiales
socialista,sosʝalista,sosialista
socialistas,sosʝalistas,sosialistas
socializar,sosʝalisaɾ,sosialisaɾ
socialmente,sosʝalmente,sosialmente
sociedad,sosʝedad,sosiedad
sociedades,sosʝedades,sosiedades
socio,sosʝo,sosio
sociópata,sosʝopata,sosiopata
socios,sosʝos,sosios
solsticio,solstisʝo,solstisio
solución,solusʝon,solusion
soluciona,solusʝona,solusiona
solucionado,solusʝonado,solusionado
solucionar,solusʝonaɾ,solusionaɾ
solucionará,solusʝonaɾa,solusionaɾa
solucionaremos,solusʝonaɾemos,solusionaɾemos
solucionarlo,solusʝonaɾlo,solusionaɾlo
soluciones,solusʝones,solusiones
subconsciente,subkonssʝente,subkonssiente
subespacial,subespasʝal,subespasial
suboficial,subofisʝal,subofisial
sucia,susʝa,susia
sucias,susʝas,susias
suciedad,susʝedad,susiedad
sucio,susʝo,susio
sucios,susʝos,susios
suecia,swesʝa,swesia
suficiente,sufisʝente,sufisiente
suficientemente,sufisʝentemente,sufisientemente
suficientes,sufisʝentes,sufisientes
sugerencia,suxeɾensʝa,suxeɾensia
sugerencias,suxeɾensʝas,suxeɾensias
sugiera,suxʝeɾa,suxieɾa
sugiere,suxʝeɾe,suxieɾe
sugieren,suxʝeɾen,suxieɾen
sugieres,suxʝeɾes,suxieɾes
sugiero,suxʝeɾo,suxieɾo
superficial,supeɾfisʝal,supeɾfisial
superficiales,supeɾfisʝales,supeɾfisiales
superficie,supeɾfisʝe,supeɾfisie
superstición,supeɾstisʝon,supeɾstision
supersticiones,supeɾstisʝones,supeɾstisiones
supersticioso,supeɾstisʝoso,supeɾstisioso
supervivencia,supeɾbibensʝa,supeɾbibensia
suposición,suposisʝon,suposision
suposiciones,suposisʝones,suposisiones
surgieron,suɾxʝeɾon,suɾxieɾon
surgió,suɾxʝo,suɾxio
sustancia,sustansʝa,sustansia
sustancial,sustansʝal,sustansial
sustancias,sustansʝas,sustansias
sustituido,sustitwido,sustituido
sustituir,sustitwiɾ,sustituiɾ
suya,suʝa,suia
suyas,suʝas,suias
suyo,suʝo,suio
suyos,suʝos,suios
tahití,taiti,taʝti
tanya,tanʝa,tania
tatuado,tatwado,tatuado
tendencia,tendensʝa,tendensia
tendencias,tendensʝas,tendensias
tentación,tentasʝon,tentasion
tentaciones,tentasʝones,tentasiones
tercio,teɾsʝo,teɾsio
terciopelo,teɾsʝopelo,teɾsiopelo
tercios,teɾsʝos,teɾsios
tokyo,tokʝo,tokio
tolerancia,toleɾansʝa,toleɾansia
toyota,toʝota,toiota
tradición,tɾadisʝon,tɾadision
tradicional,tɾadisʝonal,tɾadisional
tradicionales,tɾadisʝonales,tɾadisionales
tradicionalmente,tɾadisʝonalmente,tɾadisionalmente
tradiciones,tɾadisʝones,tɾadisiones
traición,tɾaisʝon,tɾaision
traiciona,tɾaisʝona,tɾaisiona
traicionado,tɾaisʝonado,tɾaisionado
traicionan,tɾaisʝonan,tɾaisionan
traicionando,tɾaisʝonando,tɾaisionando
traicionar,tɾaisʝonaɾ,tɾaisionaɾ
traicionaría,tɾaisʝonaɾia,tɾaisionaɾia
traicionarme,tɾaisʝonaɾme,tɾaisionaɾme
traicionarnos,tɾaisʝonaɾnos,tɾaisionaɾnos
traicionaron,tɾaisʝonaɾon,tɾaisionaɾon
traicionarte,tɾaisʝonaɾte,tɾaisionaɾte
traicionas,tɾaisʝonas,tɾaisionas
traicionaste,tɾaisʝonaste,tɾaisionaste
traicione,tɾaisʝone,tɾaisione
traicioné,tɾaisʝone,tɾaisione
traicionero,tɾaisʝoneɾo,tɾaisioneɾo
traiciones,tɾaisʝones,tɾaisiones
traicionó,tɾaisʝono,tɾaisiono
transcripción,tɾanskɾipsʝon,tɾanskɾipsion
transferencia,tɾansfeɾensʝa,tɾansfeɾensia
transferencias,tɾansfeɾensʝas,tɾansfeɾensias
transformación,tɾansfoɾmasʝon,tɾansfoɾmasion
transición,tɾansisʝon,tɾansision
transportación,tɾanspoɾtasʝon,tɾanspoɾtasion
trayecto,tɾaʝekto,tɾaiekto
trayectoria,tɾaʝektoɾʝa,tɾaiektoɾʝa
trayendo,tɾaʝendo,tɾaiendo
trescientos,tɾessʝentos,tɾessientos
tripulación,tɾipulasʝon,tɾipulasion
troya,tɾoʝa,tɾoia
turbulencia,tuɾbulensʝa,tuɾbulensia
tuya,tuʝa,tuia
tuyas,tuʝas,tuias
tuyo,tuʝo,tuio
tuyos,tuʝos,tuios
ubicación,ubikasʝon,ubikasion
unió,unʝo,unio
urgencia,uɾxensʝa,uɾxensia
urgencias,uɾxensʝas,uɾxensias
vacaciones,bakasʝones,bakasiones
vaciado,basʝado,basiado
vaciar,basʝaɾ,basiaɾ
vació,basʝo,basio
valencia,balensʝa,balensia
valium,balʝum,balium
variación,baɾʝasʝon,baɾʝasion
variaciones,baɾʝasʝones,baɾʝasiones
vaya,baʝa,baia
vayáis,baʝais,baiais
vayámonos,baʝamonos,baiamonos
vayamos,baʝamos,baiamos
vayan,baʝan,baian
váyanse,baʝanse,baianse
vayas,baʝas,baias
váyase,baʝase,baiase
vegetación,bexetasʝon,bexetasion
vehículo,beikulo,beʝkulo
vehículos,beikulos,beʝkulos
venció,bensʝo,bensio
venecia,benesʝa,benesia
ventilación,bentilasʝon,bentilasion
verificación,beɾifikasʝon,beɾifikasion
vibración,bibɾasʝon,bibɾasion
vibraciones,bibɾasʝones,bibɾasiones
vicio,bisʝo,bisio
vicios,bisʝos,bisios
vicioso,bisʝoso,bisioso
vigilancia,bixilansʝa,bixilansia
violación,bʝolasʝon,bʝolasion
violaciones,bʝolasʝones,bʝolasiones
violencia,bʝolensʝa,bʝolensia
virtuosa,biɾtwosa,biɾtuosa
virtuoso,biɾtwoso,biɾtuoso
vocación,bokasʝon,bokasion
votación,botasʝon,botasion
ya,ʝa,ia
yace,ʝase,iase
yacen,ʝasen,iasen
yacía,ʝasia,iasia
yakuza,ʝakusa,iakusa
yale,ʝale,iale
yankee,ʝankee,iankee
yarda,ʝaɾda,iaɾda
yardas,ʝaɾdas,iaɾdas
yate,ʝate,iate
yates,ʝates,iates
yegua,ʝegwa,iegwa
yen,ʝen,ien
yendo,ʝendo,iendo
yéndose,ʝendose,iendose
yerba,ʝeɾba,ieɾba
yerno,ʝeɾno,ieɾno
yeso,ʝeso,ieso
yo,ʝo,io
yoda,ʝoda,ioda
yodo,ʝodo,iodo
yoga,ʝoga,ioga
yogur,ʝoguɾ,ioguɾ
yolanda,ʝolanda,iolanda
york,ʝoɾk,ioɾk
youtube,ʝoutube,ioutube
yugo,ʝugo,iugo
yugular,ʝugulaɾ,iugulaɾ
